TickerSymbol,Date,OpenPrice,ClosePrice,Volume
A,11/10/21,160.94,159.81,903489
AA,11/10/21,48.86,47.24,7042856
AAC,11/10/21,9.81,9.81,663261
AACG,11/10/21,2.3000,2.3100,19682
AACIU,11/10/21,9.90,9.98,4514
AADI,11/10/21,27.04,26.10,69605
AAIC,11/10/21,3.8700,3.8500,120433
AAIN,11/10/21,25.01,25.00,1505
AAL,11/10/21,22.25,22.26,22013231
AAMC,11/10/21,24.40,24.46,1495
AAME,11/10/21,4.3000,4.4100,7621
AAN,11/10/21,26.93,26.39,231657
AAOI,11/10/21,5.85,5.75,1237954
AAON,11/10/21,74.81,76.66,159806
AAP,11/10/21,227.91,232.39,580486
AAPL,11/10/21,150.44,150.81,52994252
AAQC,11/10/21,9.90,9.79,12473
AAT,11/10/21,39.10,39.61,191515
AATC,11/10/21,6.99,6.90,10413
AAU,11/10/21,0.3869,0.4024,1453551
AAWW,11/10/21,86.38,84.21,389559
AB,11/10/21,56.51,56.59,136142
ABB,11/10/21,34.88,35.01,776288
ABBV,11/10/21,116.06,115.61,3037852
ABC,11/10/21,125.98,124.67,818705
ABCB,11/10/21,55.24,54.90,233364
ABCL,11/10/21,15.33,14.71,2250596
ABCM,11/10/21,23.33,23.15,23637
ABEO,11/10/21,0.9691,0.9693,1529365
ABEV,11/10/21,3.1500,3.2000,29337451
ABG,11/10/21,184.82,182.96,259577
ABGI,11/10/21,9.75,9.80,27007
ABIO,11/10/21,2.6800,2.6000,173166
ABM,11/10/21,47.78,47.66,190691
ABMD,11/10/21,359.75,371.35,394857
ABNB,11/10/21,200.32,194.68,8999530
ABOS,11/10/21,14.58,14.78,31683
ABR,11/10/21,19.75,19.77,1572451
ABSI,11/10/21,18.03,14.23,447210
ABST,11/10/21,11.53,11.40,133243
ABT,11/10/21,126.80,126.43,4622069
ABTX,11/10/21,43.05,42.80,99911
ABUS,11/10/21,3.6000,3.5000,1409869
ABVC,11/10/21,3.7000,3.4700,436243
AC,11/10/21,38.15,38.56,12718
ACA,11/10/21,55.91,55.68,177186
ACAD,11/10/21,19.57,21.57,1741743
ACAH,11/10/21,9.71,9.72,4751
ACAHU,11/10/21,9.92,9.92,151
ACAHW,11/10/21,0.6698,0.6699,60
ACB,11/10/21,7.30,7.48,7625164
ACBA,11/10/21,10.10,10.10,600
ACBAW,11/10/21,0.5687,0.5687,56234
ACBI,11/10/21,29.48,29.43,43292
ACC,11/10/21,54.56,54.06,459707
ACCD,11/10/21,39.56,38.41,334257
ACCO,11/10/21,9.18,9.20,248752
ACEL,11/10/21,13.23,13.73,282086
ACER,11/10/21,2.6200,2.4600,70749
ACET,11/10/21,9.32,9.28,79996
ACEV,11/10/21,9.95,9.97,149140
ACEVU,11/10/21,10.64,10.64,285
ACEVW,11/10/21,1.2300,1.2000,18550
ACGL,11/10/21,42.62,42.02,2336120
ACGLN,11/10/21,26.01,25.97,17405
ACGLO,11/10/21,26.18,26.04,18410
ACH,11/10/21,14.00,13.28,227937
ACHC,11/10/21,64.30,64.16,339086
ACHL,11/10/21,6.86,6.62,231250
ACHR,11/10/21,6.14,6.06,2136817
ACHV,11/10/21,8.47,8.32,71316
ACI,11/10/21,33.36,33.76,931527
ACII,11/10/21,9.76,9.76,40900
ACIU,11/10/21,7.37,7.56,637481
ACIW,11/10/21,31.64,33.84,1780010
ACKIT,11/10/21,10.06,10.06,500
ACKIU,11/10/21,10.40,10.50,1222
ACKIW,11/10/21,0.6300,0.6700,12241
ACLS,11/10/21,61.85,62.14,383406
ACM,11/10/21,70.98,71.32,681774
ACMR,11/10/21,106.40,106.54,235078
ACN,11/10/21,366.93,367.47,1787156
ACNB,11/10/21,28.12,28.10,4298
ACOR,11/10/21,3.7400,3.7600,330144
ACP,11/10/21,11.38,11.35,94440
ACQR,11/10/21,9.80,9.76,385956
ACQRU,11/10/21,10.00,9.98,492706
ACQRW,11/10/21,1.1900,1.3000,106600
ACR,11/10/21,15.09,15.05,35408
ACRE,11/10/21,15.87,15.89,325734
ACRO,11/10/21,9.72,9.70,4284
ACRS,11/10/21,16.70,15.55,416783
ACRX,11/10/21,0.8600,0.8440,656862
ACST,11/10/21,1.7000,1.6900,345320
ACT,11/10/21,23.17,22.45,126545
ACTD,11/10/21,9.77,9.75,1581
ACTDW,11/10/21,1.2100,1.2300,815
ACTG,11/10/21,5.51,5.71,919976
ACU,11/10/21,36.60,36.72,5983
ACV,11/10/21,37.25,37.18,22974
ACVA,11/10/21,20.14,19.78,1354103
ACXP,11/10/21,5.58,5.39,49091
ACY,11/10/21,47.01,48.11,19629
ADAG,11/10/21,11.87,11.33,9275
ADALU,11/10/21,10.08,10.08,23696
ADAP,11/10/21,5.68,5.51,616095
ADBE,11/10/21,666.02,667.92,1128004
ADC,11/10/21,70.49,69.77,327354
ADCT,11/10/21,29.00,29.04,195640
ADER,11/10/21,9.90,9.88,35235
ADERU,11/10/21,10.27,10.27,6101
ADERW,11/10/21,0.7703,0.8000,149371
ADES,11/10/21,7.19,7.25,147084
ADEX,11/10/21,9.71,9.71,17266
ADF,11/10/21,10.20,10.23,13228
ADGI,11/10/21,19.21,20.04,607241
ADI,11/10/21,184.46,185.00,2328118
ADIL,11/10/21,3.0900,3.3200,389667
ADILW,11/10/21,0.6399,0.6651,4040
ADM,11/10/21,63.80,64.43,1814507
ADMA,11/10/21,1.3800,1.4200,2158245
ADMP,11/10/21,1.0300,1.0300,2149014
ADMS,11/10/21,8.18,8.15,425271
ADN,11/10/21,9.93,9.44,308119
ADNT,11/10/21,45.13,44.35,1260953
ADNWW,11/10/21,1.9300,1.7800,227915
ADOC,11/10/21,10.17,10.19,2052
ADOCR,11/10/21,0.4196,0.4293,3209
ADOCW,11/10/21,0.2671,0.2900,5100
ADP,11/10/21,227.49,229.20,1024633
ADPT,11/10/21,36.50,34.52,588111
ADRA,11/10/21,9.83,9.82,637
ADS,11/10/21,74.97,75.79,1488897
ADSK,11/10/21,329.07,329.40,1110471
ADT,11/10/21,9.00,10.09,10450412
ADTN,11/10/21,20.75,20.91,270530
ADTX,11/10/21,1.8500,1.9600,2609975
ADUS,11/10/21,103.64,105.32,98950
ADV,11/10/21,8.85,8.88,264908
ADVM,11/10/21,2.2700,2.3000,898899
ADVWW,11/10/21,1.9100,1.9700,25200
ADX,11/10/21,21.73,21.66,182749
ADXN,11/10/21,8.20,8.33,1140
ADXS,11/10/21,0.4766,0.4793,7557744
AE,11/10/21,29.88,29.66,1693
AEAC,11/10/21,9.75,9.75,9874
AEACU,11/10/21,10.06,10.04,482
AEACW,11/10/21,0.6700,0.6612,46259
AEAEU,11/10/21,10.09,10.08,200911
AEE,11/10/21,82.98,83.04,1019181
AEF,11/10/21,8.50,8.47,90904
AEFC,11/10/21,27.19,27.06,27116
AEG,11/10/21,4.9500,4.8900,1266766
AEHA,11/10/21,9.95,10.00,51103
AEHAU,11/10/21,10.20,10.25,3310
AEHAW,11/10/21,0.5190,0.5280,14520
AEHL,11/10/21,2.8500,2.8700,254456
AEHR,11/10/21,23.66,24.47,1387941
AEI,11/10/21,1.9900,1.9000,2629802
AEIS,11/10/21,95.01,92.65,334513
AEL,11/10/21,34.43,35.05,368797
AEM,11/10/21,53.60,55.53,2368517
AEMD,11/10/21,3.1200,3.0500,649488
AENZ,11/10/21,1.8950,1.8900,6813
AEO,11/10/21,26.27,26.85,2756540
AEP,11/10/21,83.12,83.04,3267295
AEPPL,11/10/21,49.36,49.34,7949
AEPPZ,11/10/21,51.40,51.23,192758
AER,11/10/21,69.05,68.63,1701884
AERI,11/10/21,12.72,12.54,446868
AES,11/10/21,23.91,23.89,4687930
AESC,11/10/21,98.18,97.93,146066
AESE,11/10/21,2.0000,2.2400,7816689
AEVA,11/10/21,8.69,8.24,1934420
AEY,11/10/21,2.2800,2.2600,15038
AEYE,11/10/21,10.30,9.91,25383
AEZS,11/10/21,0.6069,0.5870,1242555
AFAQ,11/10/21,9.72,9.77,740
AFAQU,11/10/21,9.96,9.92,502
AFAQW,11/10/21,0.7010,0.7100,2740
AFB,11/10/21,15.00,15.03,34933
AFBI,11/10/21,14.35,14.47,3216
AFCG,11/10/21,23.90,24.00,120160
AFG,11/10/21,144.32,144.77,239284
AFGB,11/10/21,27.74,27.71,3982
AFGC,11/10/21,27.66,27.58,2638
AFGD,11/10/21,29.44,29.56,2515
AFGE,11/10/21,27.54,27.57,1242
AFI,11/10/21,2.4000,2.1900,369397
AFIB,11/10/21,7.83,7.68,206909
AFIN,11/10/21,8.67,8.64,696591
AFINO,11/10/21,26.90,26.80,3232
AFINP,11/10/21,27.10,27.22,12929
AFL,11/10/21,56.75,56.28,1646104
AFMD,11/10/21,6.34,6.23,2424288
AFRM,11/10/21,163.37,157.79,8368868
AFT,11/10/21,16.42,16.50,47980
AFTR,11/10/21,9.71,9.73,36388
AFYA,11/10/21,16.28,15.88,153657
AG,11/10/21,13.83,13.78,3866422
AGAC,11/10/21,9.75,9.76,18170
AGBA,11/10/21,11.02,11.01,23224
AGBAR,11/10/21,0.3420,0.3351,118976
AGBAU,11/10/21,11.89,11.89,1000
AGBAW,11/10/21,0.2889,0.2900,41911
AGC,11/10/21,12.26,15.60,44671283
AGCB,11/10/21,10.12,10.20,179581
AGCO,11/10/21,126.03,122.14,826602
AGCUU,11/10/21,12.87,16.73,112009
AGCWW,11/10/21,3.70,6.08,1954491
AGD,11/10/21,12.10,12.07,29304
AGE,11/10/21,0.8300,0.8063,62369
AGEN,11/10/21,4.1800,4.4500,5690871
AGFS,11/10/21,2.0600,1.9800,30032
AGFY,11/10/21,21.32,22.65,951148
AGGR,11/10/21,9.71,9.74,448
AGGRU,11/10/21,9.99,9.93,205
AGGRW,11/10/21,0.8869,0.9350,4760
AGI,11/10/21,8.00,8.22,3559776
AGIL,11/10/21,8.78,9.69,135052
AGILW,11/10/21,1.0300,1.0800,78388
AGIO,11/10/21,45.24,43.52,360251
AGL,11/10/21,25.50,24.72,935425
AGLE,11/10/21,7.36,7.29,92602
AGM,11/10/21,136.81,128.89,69563
AGMH,11/10/21,11.68,11.43,147838
AGNC,11/10/21,16.12,16.07,3600171
AGNCM,11/10/21,25.89,25.85,9543
AGNCN,11/10/21,25.71,25.66,8903
AGNCO,11/10/21,26.06,26.05,3860
AGNCP,11/10/21,25.48,25.45,9975
AGO,11/10/21,55.39,54.25,462598
AGR,11/10/21,50.21,50.27,291494
AGRI,11/10/21,2.2800,2.1900,462722
AGRIW,11/10/21,0.6201,0.6349,10351
AGRO,11/10/21,9.14,9.40,733514
AGRX,11/10/21,0.7832,0.7606,985779
AGS,11/10/21,9.13,9.07,189747
AGTC,11/10/21,2.7600,2.5600,913007
AGTI,11/10/21,25.23,25.30,281767
AGX,11/10/21,45.60,45.55,61828
AGYS,11/10/21,50.85,51.50,58280
AHCO,11/10/21,25.64,24.45,770296
AHH,11/10/21,15.29,15.24,170915
AHPA,11/10/21,9.97,9.97,3
AHPAU,11/10/21,10.15,10.14,25013
AHPAW,11/10/21,0.6900,0.7000,8233
AHPI,11/10/21,5.0900,4.9500,172438
AHT,11/10/21,14.72,14.28,1548864
AI,11/10/21,49.29,50.84,5635681
AIC,11/10/21,25.32,25.39,903
AIF,11/10/21,16.00,15.98,51507
AIG,11/10/21,59.16,58.76,2998635
AIH,11/10/21,4.0000,3.7973,4851
AIHS,11/10/21,0.6900,0.6604,812339
AIKI,11/10/21,0.8409,0.8259,1649537
AIM,11/10/21,1.7600,1.7600,180362
AIMC,11/10/21,59.53,60.33,215611
AIN,11/10/21,88.55,87.76,97783
AINC,11/10/21,23.55,23.82,63740
AINV,11/10/21,13.25,13.20,363117
AIO,11/10/21,28.57,28.48,77068
AIP,11/10/21,20.30,21.87,233976
AIR,11/10/21,38.92,38.93,177947
AIRC,11/10/21,53.13,53.34,134893
AIRG,11/10/21,11.10,11.04,40289
AIRI,11/10/21,1.0600,1.0600,103986
AIRS,11/10/21,14.99,14.71,118337
AIRT,11/10/21,29.23,29.66,16677
AIRTP,11/10/21,25.24,25.40,9607
AIT,11/10/21,103.18,103.67,80540
AIV,11/10/21,7.91,8.03,786517
AIZ,11/10/21,161.26,160.43,343662
AIZN,11/10/21,27.35,27.26,7470
AJG,11/10/21,160.91,161.56,596813
AJRD,11/10/21,45.08,43.78,439390
AJX,11/10/21,14.53,14.38,143003
AJXA,11/10/21,26.85,26.85,1397
AKA,11/10/21,11.49,11.36,263756
AKAM,11/10/21,108.62,109.32,1385145
AKBA,11/10/21,2.8700,2.8600,2089769
AKIC,11/10/21,9.82,9.77,1413
AKICU,11/10/21,10.00,10.07,350
AKICW,11/10/21,0.7700,0.7875,2900
AKR,11/10/21,22.58,22.45,607998
AKRO,11/10/21,25.66,25.77,155564
AKTS,11/10/21,8.16,8.09,429979
AKTX,11/10/21,1.6600,1.7000,80866
AKU,11/10/21,1.7500,1.7300,62145
AKUS,11/10/21,9.22,9.01,80513
AKYA,11/10/21,12.91,13.33,233148
AL,11/10/21,49.62,49.65,539902
ALAC,11/10/21,11.59,11.59,1608
ALACR,11/10/21,0.5500,0.5700,112940
ALACW,11/10/21,0.3789,0.4198,144512
ALB,11/10/21,278.52,274.57,1051009
ALBO,11/10/21,29.71,29.21,80449
ALC,11/10/21,86.27,87.26,1140437
ALCC,11/10/21,9.88,9.85,1321
ALCO,11/10/21,36.33,36.63,9312
ALDX,11/10/21,9.11,9.25,638045
ALE,11/10/21,63.89,64.15,171401
ALEC,11/10/21,24.86,25.54,840167
ALEX,11/10/21,25.52,25.40,185861
ALF,11/10/21,5.0200,4.9100,245759
ALFIW,11/10/21,2.1800,1.9401,469
ALG,11/10/21,158.25,157.96,21365
ALGM,11/10/21,32.68,32.64,1029709
ALGN,11/10/21,710.87,711.02,779496
ALGS,11/10/21,17.69,17.50,146548
ALGT,11/10/21,192.75,193.51,107983
ALHC,11/10/21,19.40,21.21,977901
ALIM,11/10/21,6.59,6.13,270507
ALIT,11/10/21,11.19,11.98,2305233
ALJJ,11/10/21,1.1600,1.1800,73897
ALK,11/10/21,58.88,58.83,1454308
ALKS,11/10/21,29.33,24.83,4261657
ALKT,11/10/21,29.58,28.75,758031
ALL,11/10/21,117.06,115.19,1429127
ALLE,11/10/21,132.02,132.97,408713
ALLK,11/10/21,93.48,89.28,186177
ALLO,11/10/21,19.65,19.00,856356
ALLT,11/10/21,15.78,13.02,1086692
ALLY,11/10/21,49.32,49.08,3602696
ALNA,11/10/21,0.9942,0.9594,1913539
ALNY,11/10/21,187.97,183.92,471548
ALOT,11/10/21,18.24,18.08,4906
ALPA,11/10/21,9.79,9.79,1304
ALPAU,11/10/21,9.94,9.93,740
ALPAW,11/10/21,0.9610,0.9910,1
ALPN,11/10/21,12.88,12.94,31081
ALPP,11/10/21,3.5100,3.5000,897611
ALRM,11/10/21,89.52,87.84,157377
ALRN,11/10/21,0.8913,0.9200,273073
ALRS,11/10/21,36.43,35.79,10211
ALSN,11/10/21,34.93,35.33,1426849
ALT,11/10/21,10.97,10.92,1308112
ALTG,11/10/21,16.77,16.78,63070
ALTM,11/10/21,65.55,65.28,29772
ALTO,11/10/21,5.98,5.73,2376925
ALTR,11/10/21,80.00,80.06,235943
ALTU,11/10/21,9.90,9.92,16150
ALTUU,11/10/21,10.29,10.29,5
ALTUW,11/10/21,0.8500,0.8499,27381
ALV,11/10/21,102.69,103.14,484799
ALVR,11/10/21,24.04,24.44,92991
ALX,11/10/21,276.00,276.28,7134
ALXO,11/10/21,52.12,40.93,1441326
ALYA,11/10/21,2.8200,2.7700,10280
ALZN,11/10/21,2.6100,2.6400,7507192
AM,11/10/21,10.88,10.82,1772690
AMAL,11/10/21,19.86,19.16,32090
AMAM,11/10/21,13.21,12.98,4555
AMAO,11/10/21,9.97,9.97,25
AMAOU,11/10/21,10.25,10.33,100
AMAOW,11/10/21,0.6580,0.6580,1437
AMAT,11/10/21,152.96,156.29,6879055
AMBA,11/10/21,203.30,201.75,480527
AMBC,11/10/21,17.51,16.35,734817
AMBO,11/10/21,1.2900,1.3300,676425
AMBP,11/10/21,9.62,9.64,445494
AMC,11/10/21,45.06,39.93,37592155
AMCI,11/10/21,9.68,9.70,3409
AMCIU,11/10/21,10.00,10.00,3312
AMCIW,11/10/21,0.7155,0.7074,57819
AMCR,11/10/21,12.20,12.31,4209308
AMCX,11/10/21,48.71,48.72,246094
AMD,11/10/21,150.16,148.92,98442597
AME,11/10/21,139.37,139.36,673132
AMED,11/10/21,182.93,184.25,637726
AMEH,11/10/21,88.21,97.80,600151
AMG,11/10/21,185.12,185.64,147868
AMGN,11/10/21,211.37,211.71,2296367
AMH,11/10/21,39.68,40.30,2008460
AMK,11/10/21,26.82,26.69,230378
AMKR,11/10/21,23.79,23.52,752493
AMN,11/10/21,102.89,104.91,623824
AMNB,11/10/21,39.00,38.66,8434
AMOT,11/10/21,43.65,43.93,28948
AMOV,11/10/21,18.19,18.17,30233
AMP,11/10/21,306.93,305.20,443456
AMPE,11/10/21,1.5900,1.6300,768073
AMPG,11/10/21,4.5600,4.7300,1039518
AMPGW,11/10/21,1.8800,1.8100,5812
AMPH,11/10/21,19.95,20.76,459658
AMPI,11/10/21,9.75,9.76,1563
AMPL,11/10/21,80.27,84.80,763274
AMPY,11/10/21,3.4500,3.3500,697512
AMR,11/10/21,59.07,55.23,383434
AMRC,11/10/21,95.27,92.19,535268
AMRK,11/10/21,67.23,68.93,85284
AMRN,11/10/21,4.1500,4.2100,3118077
AMRS,11/10/21,12.98,7.96,37148516
AMRX,11/10/21,5.25,5.34,699457
AMS,11/10/21,3.0600,3.0900,27013
AMSC,11/10/21,18.28,17.24,454427
AMSF,11/10/21,59.72,57.48,116410
AMST,11/10/21,1.5600,1.4900,159117
AMSWA,11/10/21,32.55,32.74,186412
AMT,11/10/21,278.76,279.92,748185
AMTB,11/10/21,29.98,29.57,45364
AMTBB,11/10/21,28.45,27.55,1735
AMTI,11/10/21,24.12,23.42,225407
AMTX,11/10/21,22.44,20.25,1088572
AMWD,11/10/21,73.86,74.30,60812
AMWL,11/10/21,8.93,8.87,2344551
AMX,11/10/21,18.29,18.34,1395719
AMYT,11/10/21,11.63,11.32,64917
AMZN,11/10/21,"3,488.98","3,576.23",4294922
AN,11/10/21,122.36,125.14,819764
ANAB,11/10/21,37.46,34.99,206150
ANAC,11/10/21,9.74,9.76,1089
ANAT,11/10/21,189.80,189.70,34658
ANDE,11/10/21,37.75,38.37,182343
ANEB,11/10/21,6.93,6.81,799
ANET,11/10/21,526.42,531.36,471878
ANF,11/10/21,45.44,46.09,765360
ANGI,11/10/21,10.85,10.77,1072740
ANGN,11/10/21,4.8700,4.7600,134137
ANGO,11/10/21,30.53,29.77,125463
ANIK,11/10/21,41.70,40.11,45259
ANIP,11/10/21,50.08,48.56,262567
ANIX,11/10/21,5.0400,4.9200,101804
ANNX,11/10/21,16.42,16.40,97507
ANPC,11/10/21,2.5000,2.4600,179025
ANSS,11/10/21,406.25,405.97,331756
ANTE,11/10/21,2.2300,2.2600,179796
ANTM,11/10/21,426.59,430.12,775522
ANVS,11/10/21,37.67,32.09,418309
ANY,11/10/21,7.38,7.27,17261749
ANZU,11/10/21,9.75,9.73,35006
ANZUU,11/10/21,9.99,9.94,38390
ANZUW,11/10/21,0.7601,0.7200,11883
AOD,11/10/21,10.17,10.15,152312
AOMR,11/10/21,18.69,18.38,37132
AON,11/10/21,296.61,297.53,1328856
AOS,11/10/21,77.60,78.71,743097
AOSL,11/10/21,44.17,43.48,479029
AOUT,11/10/21,23.18,23.36,62552
AP,11/10/21,5.06,5.07,25492
APA,11/10/21,30.66,30.01,13452473
APAC,11/10/21,9.82,9.91,17
APACU,11/10/21,10.20,10.08,884
APACW,11/10/21,0.5700,0.5500,3200
APAM,11/10/21,52.02,51.60,376725
APD,11/10/21,312.60,313.84,1161367
APDN,11/10/21,5.44,5.39,176679
APEI,11/10/21,25.90,24.94,125843
APEN,11/10/21,9.27,9.35,100177
APG,11/10/21,22.43,22.45,700095
APGB,11/10/21,9.76,9.83,35545
APH,11/10/21,81.65,82.29,1539820
API,11/10/21,23.78,23.25,437494
APLE,11/10/21,16.15,16.29,2465485
APLS,11/10/21,33.69,37.34,2157347
APLT,11/10/21,15.20,14.88,63746
APM,11/10/21,2.4300,2.4800,435169
APMI,11/10/21,9.70,9.70,149
APMIU,11/10/21,9.90,9.90,100
APMIW,11/10/21,0.7401,0.8000,1
APO,11/10/21,77.04,76.29,1872576
APOG,11/10/21,47.35,47.48,60243
APP,11/10/21,99.64,103.57,2133905
APPF,11/10/21,134.00,132.20,205207
APPH,11/10/21,5.51,5.63,1977639
APPHW,11/10/21,1.2000,1.1600,163198
APPN,11/10/21,98.11,102.05,639610
APPS,11/10/21,72.63,72.65,2472163
APR,11/10/21,35.99,34.09,447227
APRE,11/10/21,5.04,5.05,987109
APRN,11/10/21,8.45,8.90,2098590
APSG,11/10/21,9.83,9.82,29713
APT,11/10/21,5.43,5.27,200720
APTM,11/10/21,9.69,9.70,142349
APTMU,11/10/21,9.87,9.91,3317
APTMW,11/10/21,0.6979,0.7070,3262
APTO,11/10/21,2.4400,2.4400,740246
APTS,11/10/21,13.02,14.32,944866
APTV,11/10/21,173.23,172.47,1928491
APTX,11/10/21,2.3200,2.3000,102048
APVO,11/10/21,15.32,14.10,79072
APWC,11/10/21,3.2900,3.1200,257811
APYX,11/10/21,15.14,14.88,60153
AQB,11/10/21,3.8600,3.8800,1103841
AQMS,11/10/21,2.0500,1.9700,1276973
AQN,11/10/21,14.20,14.26,4882486
AQNA,11/10/21,27.70,27.52,6970
AQNB,11/10/21,27.90,27.91,48768
AQNU,11/10/21,47.60,47.74,254387
AQST,11/10/21,6.17,6.23,656845
AQUA,11/10/21,44.13,45.15,1082536
AR,11/10/21,20.71,20.33,5883357
ARAV,11/10/21,4.0700,4.0300,106426
ARAY,11/10/21,5.46,5.74,5184889
ARBE,11/10/21,11.95,12.94,488500
ARBEW,11/10/21,2.1000,1.8000,301125
ARBG,11/10/21,9.78,9.80,2303
ARBGU,11/10/21,10.00,10.00,219
ARBGW,11/10/21,0.6999,0.6900,100
ARBK,11/10/21,18.37,20.56,1884866
ARC,11/10/21,3.0400,2.8900,164908
ARCB,11/10/21,112.04,111.80,357122
ARCC,11/10/21,21.12,20.89,1780158
ARCE,11/10/21,17.24,17.67,203374
ARCH,11/10/21,89.24,87.59,787612
ARCKU,11/10/21,10.10,10.12,51922
ARCO,11/10/21,4.9000,4.8900,716396
ARCT,11/10/21,38.65,36.23,1117371
ARDC,11/10/21,16.25,16.25,31206
ARDS,11/10/21,3.1000,2.8700,38714
ARDX,11/10/21,1.2100,1.1800,2106458
ARE,11/10/21,206.68,206.95,288597
AREC,11/10/21,2.4300,2.3700,1133772
ARES,11/10/21,86.11,87.47,520342
ARGD,11/10/21,25.94,26.08,10453
ARGO,11/10/21,60.36,60.51,163453
ARGUU,11/10/21,10.12,10.11,2315
ARGX,11/10/21,321.45,323.36,124698
ARHS,11/10/21,12.49,12.22,475741
ARI,11/10/21,15.53,15.47,730208
ARIS,11/10/21,14.19,14.53,343620
ARKO,11/10/21,10.43,10.40,323536
ARKOW,11/10/21,2.2200,2.3000,127773
ARKR,11/10/21,16.38,16.51,10430
ARL,11/10/21,12.37,12.30,3311
ARLO,11/10/21,6.94,7.01,683780
ARLP,11/10/21,11.57,11.28,423334
ARMK,11/10/21,38.90,38.57,2051981
ARMP,11/10/21,3.6100,3.8000,17519
ARNA,11/10/21,61.69,60.09,316736
ARNC,11/10/21,32.10,32.00,420341
AROC,11/10/21,8.66,8.66,415424
AROW,11/10/21,37.49,37.30,12596
ARQQ,11/10/21,20.48,19.90,284286
ARQQW,11/10/21,3.9650,3.9000,68095
ARQT,11/10/21,21.93,22.20,67800
ARR,11/10/21,10.80,10.73,1622551
ARRW,11/10/21,9.71,9.74,3114
ARRWU,11/10/21,9.93,10.00,7
ARRWW,11/10/21,0.6315,0.6601,102
ARRY,11/10/21,21.87,21.57,1531723
ARTA,11/10/21,9.92,9.86,63532
ARTAU,11/10/21,10.19,10.15,55740
ARTAW,11/10/21,0.9387,0.9097,28707
ARTEU,11/10/21,10.10,10.06,853
ARTL,11/10/21,1.0800,0.9620,6624860
ARTLW,11/10/21,0.3176,0.2908,36877
ARTNA,11/10/21,42.13,41.69,14457
ARTW,11/10/21,3.8000,3.8781,2537
ARVL,11/10/21,17.79,12.88,11215903
ARVN,11/10/21,92.83,91.92,270755
ARW,11/10/21,121.03,119.98,242120
ARWR,11/10/21,82.51,81.02,472181
ARYD,11/10/21,9.97,10.00,301
ASA,11/10/21,21.18,21.43,47500
ASAI,11/10/21,13.91,14.15,95702
ASAN,11/10/21,135.44,142.68,3009810
ASAQ,11/10/21,9.82,9.80,6676
ASAX,11/10/21,9.91,9.91,53193
ASAXU,11/10/21,10.50,10.20,295
ASAXW,11/10/21,0.6700,0.7179,5473
ASB,11/10/21,22.86,23.38,2375319
ASC,11/10/21,4.0800,4.1000,106502
ASG,11/10/21,9.81,9.98,567236
ASGI,11/10/21,21.17,21.11,6761
ASGN,11/10/21,128.38,127.46,184443
ASH,11/10/21,98.99,99.34,529936
ASIX,11/10/21,50.08,49.83,201080
ASLE,11/10/21,22.89,22.89,309985
ASLEW,11/10/21,11.35,11.43,150894
ASLN,11/10/21,1.8200,1.8300,504287
ASM,11/10/21,0.9790,1.0200,680430
ASMB,11/10/21,3.1200,3.0400,834706
ASML,11/10/21,849.93,850.05,676373
ASND,11/10/21,160.68,158.75,105608
ASO,11/10/21,46.50,47.37,2271697
ASPA,11/10/21,9.87,9.86,1000
ASPAU,11/10/21,10.12,10.16,50
ASPAW,11/10/21,0.6000,0.6000,180681
ASPC,11/10/21,9.75,9.74,83
ASPCU,11/10/21,9.94,10.00,1300
ASPCW,11/10/21,0.7100,0.6600,2010
ASPN,11/10/21,58.54,58.12,215067
ASPS,11/10/21,12.50,12.74,54036
ASPU,11/10/21,5.0100,4.9400,34502
ASR,11/10/21,208.22,210.06,109649
ASRT,11/10/21,1.3500,1.5500,2485255
ASRV,11/10/21,3.9600,3.8400,12779
ASTC,11/10/21,0.9999,0.9902,516218
ASTE,11/10/21,74.36,72.40,159141
ASTL,11/10/21,11.70,11.75,404897
ASTLW,11/10/21,3.3900,3.4500,35088
ASTR,11/10/21,9.99,10.19,2981677
ASTRW,11/10/21,3.0500,3.1500,164241
ASTS,11/10/21,11.80,12.48,1905865
ASTSW,11/10/21,4.2900,4.9330,150608
ASUR,11/10/21,9.72,9.53,37516
ASX,11/10/21,7.70,7.57,4151061
ASXC,11/10/21,1.9600,1.8800,3615591
ASYS,11/10/21,15.44,15.06,98583
ASZ,11/10/21,9.78,9.80,242579
ATA,11/10/21,10.08,10.08,108
ATAI,11/10/21,16.70,15.37,1548757
ATAQ,11/10/21,9.77,9.77,500
ATAX,11/10/21,6.71,6.85,165513
ATC,11/10/21,24.65,24.77,1364604
ATCO,11/10/21,14.13,15.40,1282660
ATCOL,11/10/21,26.24,26.33,3199
ATCX,11/10/21,11.97,12.01,114649
ATEC,11/10/21,12.42,12.15,618468
ATEN,11/10/21,16.69,16.54,925338
ATER,11/10/21,6.23,7.01,31975907
ATEX,11/10/21,62.79,63.27,36594
ATGE,11/10/21,32.82,33.52,472812
ATH,11/10/21,87.28,86.44,1073457
ATHA,11/10/21,16.01,15.50,611470
ATHE,11/10/21,1.2000,1.1900,276576
ATHM,11/10/21,38.31,37.81,419428
ATHN,11/10/21,10.04,10.01,36444
ATHX,11/10/21,1.3200,1.2900,735133
ATI,11/10/21,17.56,17.53,1372630
ATIF,11/10/21,3.8900,3.9300,25097
ATIP,11/10/21,3.0800,2.9700,1500991
ATKR,11/10/21,103.35,104.65,222744
ATLC,11/10/21,80.50,84.83,126613
ATLCP,11/10/21,25.00,25.07,19770
ATLO,11/10/21,24.55,24.66,8367
ATMR,11/10/21,9.93,9.92,26729
ATNF,11/10/21,5.0000,4.7900,668039
ATNFW,11/10/21,1.0000,1.0000,6314
ATNI,11/10/21,43.85,43.85,17608
ATNM,11/10/21,8.22,8.08,79040
ATNX,11/10/21,2.4000,2.2300,2329935
ATO,11/10/21,92.97,93.14,618587
ATOM,11/10/21,28.11,29.76,1062549
ATOS,11/10/21,2.7300,2.6300,3269012
ATR,11/10/21,130.64,130.36,149786
ATRA,11/10/21,17.64,17.93,445285
ATRC,11/10/21,84.80,81.50,189228
ATRI,11/10/21,786.00,802.00,4829
ATRO,11/10/21,14.31,14.24,98166
ATRS,11/10/21,3.8400,3.8800,523557
ATSG,11/10/21,26.90,27.41,249827
ATSPT,11/10/21,9.83,9.83,524
ATSPU,11/10/21,9.99,9.97,2351
ATSPW,11/10/21,0.7303,0.7599,230
ATTO,11/10/21,25.36,25.35,16676
ATUS,11/10/21,17.54,17.54,6102373
ATVC,11/10/21,9.78,9.79,20337
ATVCU,11/10/21,9.98,10.03,4123
ATVCW,11/10/21,0.9914,1.0000,3187
ATVI,11/10/21,66.82,67.10,8811987
ATXI,11/10/21,1.7200,1.5800,124250
ATXS,11/10/21,6.87,7.01,30469
ATY,11/10/21,4.1500,4.1400,1126513
AU,11/10/21,18.75,19.13,2351671
AUB,11/10/21,37.25,36.91,151521
AUBAP,11/10/21,28.15,28.35,8346
AUBN,11/10/21,33.89,33.50,1953
AUD,11/10/21,3.6500,3.3500,454305
AUDC,11/10/21,35.35,35.30,100304
AUGX,11/10/21,4.0000,4.0000,222601
AUID,11/10/21,17.32,17.04,75004
AUMN,11/10/21,0.4274,0.4204,1382310
AUPH,11/10/21,31.32,30.06,3064097
AUR,11/10/21,10.13,10.08,2527352
AURA,11/10/21,15.80,17.15,94359
AURC,11/10/21,9.99,9.96,161824
AURCU,11/10/21,10.46,10.56,3553
AURCW,11/10/21,1.5700,1.6400,18412
AUROW,11/10/21,2.5800,2.6500,62915
AUS,11/10/21,10.05,10.05,598949
AUTL,11/10/21,6.97,6.81,2441308
AUTO,11/10/21,2.8800,3.0000,36714
AUUD,11/10/21,2.6800,2.6700,496960
AUUDW,11/10/21,0.6700,0.6502,13500
AUVI,11/10/21,5.49,5.24,52424
AUVIP,11/10/21,25.22,25.28,2877
AUY,11/10/21,4.2000,4.2700,14713410
AVA,11/10/21,39.82,40.14,350409
AVACU,11/10/21,10.06,10.05,213475
AVAH,11/10/21,8.59,8.71,360065
AVAL,11/10/21,5.81,5.79,58256
AVAN,11/10/21,9.82,9.82,11977
AVAV,11/10/21,94.30,93.53,85046
AVB,11/10/21,238.38,240.13,420199
AVCO,11/10/21,1.0600,1.0600,160255
AVCT,11/10/21,1.8800,1.9600,200430
AVCTW,11/10/21,0.2180,0.2480,110035
AVD,11/10/21,17.16,17.59,324321
AVDL,11/10/21,10.94,11.18,1082797
AVDX,11/10/21,24.91,24.61,540622
AVEO,11/10/21,7.33,7.20,397494
AVGO,11/10/21,558.95,557.80,1583843
AVGOP,11/10/21,"1,757.29","1,749.78",6336
AVGR,11/10/21,0.8220,0.7900,1116270
AVHIU,11/10/21,10.15,10.10,151
AVID,11/10/21,29.00,27.25,986494
AVIR,11/10/21,10.75,10.92,1262430
AVK,11/10/21,19.19,19.22,47759
AVLR,11/10/21,169.12,162.80,774215
AVNS,11/10/21,34.05,33.26,173578
AVNT,11/10/21,58.53,58.91,382159
AVNW,11/10/21,32.18,32.22,76311
AVO,11/10/21,20.07,19.98,75924
AVPT,11/10/21,9.26,9.06,611398
AVPTW,11/10/21,2.2900,2.2500,41316
AVRO,11/10/21,5.93,5.82,147856
AVT,11/10/21,39.31,38.99,535873
AVTE,11/10/21,18.38,17.36,34203
AVTR,11/10/21,38.97,39.10,3136425
AVTX,11/10/21,2.3700,2.3200,189692
AVXL,11/10/21,23.31,22.25,734657
AVY,11/10/21,226.48,227.13,388136
AVYA,11/10/21,20.24,20.67,1327641
AWF,11/10/21,12.42,12.43,149233
AWH,11/10/21,3.3800,3.2600,1696079
AWI,11/10/21,113.27,114.04,141756
AWK,11/10/21,168.41,169.52,528331
AWP,11/10/21,6.55,6.60,131882
AWR,11/10/21,93.32,93.04,75705
AWRE,11/10/21,3.3500,3.3700,21330
AWX,11/10/21,3.9800,3.9500,13983
AX,11/10/21,60.19,60.41,219392
AXDX,11/10/21,6.13,6.19,299074
AXGN,11/10/21,14.32,13.40,169673
AXL,11/10/21,9.75,9.67,1070068
AXLA,11/10/21,3.2900,3.2500,113312
AXNX,11/10/21,66.47,66.00,628615
AXON,11/10/21,176.65,176.40,352970
AXP,11/10/21,180.05,179.86,2797745
AXR,11/10/21,15.32,16.23,18761
AXS,11/10/21,52.90,52.40,199219
AXSM,11/10/21,43.36,40.77,775720
AXTA,11/10/21,32.19,32.25,1204098
AXTI,11/10/21,9.32,9.13,197774
AXU,11/10/21,1.9700,2.0000,797904
AY,11/10/21,39.69,39.92,453765
AYI,11/10/21,218.11,224.23,313097
AYLA,11/10/21,10.68,11.05,3102
AYRO,11/10/21,3.1300,3.0800,1544924
AYTU,11/10/21,2.5300,2.5000,802956
AYX,11/10/21,78.42,80.16,619565
AZEK,11/10/21,39.14,41.54,2964624
AZN,11/10/21,62.99,62.70,3618317
AZO,11/10/21,"1,820.93","1,866.38",174360
AZPN,11/10/21,160.81,157.57,210173
AZRE,11/10/21,23.32,23.21,141404
AZUL,11/10/21,15.30,15.29,1485611
AZYO,11/10/21,6.30,6.20,22860
AZZ,11/10/21,56.80,56.77,54399
B,11/10/21,44.61,43.99,227901
BA,11/10/21,222.68,220.79,6775939
BABA,11/10/21,162.16,160.19,13580701
BAC,11/10/21,47.34,46.88,35281060
BAH,11/10/21,87.73,87.82,795036
BAK,11/10/21,20.13,20.65,163428
BALY,11/10/21,43.63,46.48,1161170
BAM,11/10/21,61.49,61.43,1091933
BAMH,11/10/21,25.74,25.73,8892
BAMI,11/10/21,25.16,25.18,56157
BAMR,11/10/21,63.56,63.33,13263
BANC,11/10/21,21.66,21.48,261619
BAND,11/10/21,83.25,85.63,617525
BANF,11/10/21,67.99,67.75,46422
BANFP,11/10/21,28.30,27.80,1402
BANR,11/10/21,61.30,61.44,82964
BANX,11/10/21,22.28,22.37,4746
BAOS,11/10/21,1.8200,1.7300,309128
BAP,11/10/21,127.11,124.75,329598
BARK,11/10/21,7.26,7.48,1700798
BASE,11/10/21,46.49,46.33,233424
BATL,11/10/21,12.09,12.21,10777
BATRA,11/10/21,29.95,29.06,73020
BATRK,11/10/21,29.52,28.75,131051
BAX,11/10/21,78.74,77.70,2140796
BB,11/10/21,11.28,11.19,6045140
BBAR,11/10/21,3.9100,4.0200,919337
BBBY,11/10/21,21.67,21.59,7230629
BBCP,11/10/21,9.00,8.76,350731
BBD,11/10/21,3.5300,3.5400,36979516
BBDC,11/10/21,11.39,11.41,197882
BBDO,11/10/21,3.1300,3.1100,7667
BBGI,11/10/21,2.4400,2.3400,31854
BBI,11/10/21,0.4000,0.4000,5147168
BBIG,11/10/21,4.6700,4.4400,22226703
BBIO,11/10/21,51.62,51.01,331481
BBL,11/10/21,52.88,51.83,2461297
BBLG,11/10/21,4.1400,4.2100,63993
BBLGW,11/10/21,0.9900,0.9001,23397
BBLN,11/10/21,9.97,9.82,230681
BBN,11/10/21,25.97,26.30,131640
BBQ,11/10/21,13.60,13.84,5986
BBSI,11/10/21,81.26,80.25,22771
BBU,11/10/21,49.52,49.59,8248
BBVA,11/10/21,6.95,6.85,719938
BBW,11/10/21,16.62,16.75,160104
BBWI,11/10/21,74.99,75.25,2415217
BBY,11/10/21,130.09,132.94,1979731
BC,11/10/21,101.17,99.22,423127
BCAB,11/10/21,29.80,29.01,89412
BCAC,11/10/21,9.96,9.95,13536
BCACU,11/10/21,10.30,10.32,4032
BCACW,11/10/21,0.7500,0.7897,5694
BCAT,11/10/21,20.10,20.03,723683
BCBP,11/10/21,15.33,15.23,12362
BCC,11/10/21,68.52,69.73,279154
BCDA,11/10/21,2.7700,2.7400,51106
BCDAW,11/10/21,1.2500,1.2500,0
BCE,11/10/21,51.06,51.32,690582
BCEL,11/10/21,6.14,5.87,256642
BCH,11/10/21,18.01,18.80,124112
BCLI,11/10/21,3.0500,3.0900,76200
BCML,11/10/21,19.43,19.35,22131
BCO,11/10/21,67.86,66.02,313975
BCOR,11/10/21,17.91,18.00,347934
BCOV,11/10/21,10.12,10.09,178841
BCOW,11/10/21,11.23,11.20,7837
BCPC,11/10/21,163.90,164.01,57359
BCRX,11/10/21,12.22,12.94,3378359
BCS,11/10/21,10.61,10.48,1903763
BCSF,11/10/21,15.96,15.82,152180
BCTX,11/10/21,10.07,9.71,692973
BCTXW,11/10/21,4.9900,4.9400,31203
BCV,11/10/21,30.66,30.94,14119
BCX,11/10/21,9.57,9.55,162962
BCYC,11/10/21,58.65,57.95,108794
BDC,11/10/21,65.56,65.89,277967
BDJ,11/10/21,10.32,10.31,216494
BDL,11/10/21,30.40,32.05,8597
BDN,11/10/21,13.97,13.96,785683
BDR,11/10/21,1.1500,1.1900,329004
BDSI,11/10/21,3.4000,3.5200,4604574
BDSX,11/10/21,7.82,8.18,50999
BDTX,11/10/21,8.21,8.20,298720
BDX,11/10/21,245.27,243.66,1449306
BDXB,11/10/21,53.22,53.07,30136
BE,11/10/21,35.56,34.29,4598653
BEAM,11/10/21,99.06,97.70,527088
BECN,11/10/21,58.65,58.47,256791
BEDU,11/10/21,2.8300,2.7700,4692
BEEM,11/10/21,39.01,36.19,510508
BEEMW,11/10/21,32.00,29.74,4461
BEKE,11/10/21,17.92,19.79,19329978
BELFA,11/10/21,16.43,15.58,3085
BELFB,11/10/21,14.79,14.45,39270
BEN,11/10/21,35.74,35.72,2227994
BENE,11/10/21,10.56,10.52,687754
BENER,11/10/21,0.4231,0.4120,202571
BENEU,11/10/21,12.12,12.00,1101
BENEW,11/10/21,1.7100,1.5601,307826
BEP,11/10/21,39.06,38.94,257602
BEPC,11/10/21,40.47,40.33,545367
BEPH,11/10/21,25.25,25.21,12307
BERY,11/10/21,67.13,67.51,603783
BEST,11/10/21,1.2100,1.1700,2322151
BFAM,11/10/21,146.73,143.37,310076
BFC,11/10/21,73.95,73.60,2618
BFI,11/10/21,8.36,8.40,127529
BFIIW,11/10/21,1.4500,1.4500,51351
BFIN,11/10/21,11.12,11.18,32854
BFK,11/10/21,15.23,15.14,59523
BFLY,11/10/21,10.21,9.74,2403567
BFRA,11/10/21,5.34,5.05,4270
BFRI,11/10/21,3.1300,3.1900,653625
BFRIW,11/10/21,0.9500,0.9377,40433
BFS,11/10/21,50.06,51.48,24878
BFST,11/10/21,28.26,28.42,27883
BFZ,11/10/21,14.83,14.82,26693
BG,11/10/21,92.49,92.89,767507
BGB,11/10/21,13.98,13.98,85401
BGCP,11/10/21,5.0300,4.9100,3375015
BGFV,11/10/21,35.01,38.87,4549839
BGH,11/10/21,17.17,17.22,65576
BGI,11/10/21,3.1700,3.0000,281691
BGIO,11/10/21,4.6900,4.6900,71762
BGNE,11/10/21,349.84,369.65,244959
BGR,11/10/21,10.25,10.26,139435
BGRY,11/10/21,6.82,6.42,452116
BGRYW,11/10/21,1.4400,1.3800,15297
BGS,11/10/21,33.74,33.06,639850
BGSF,11/10/21,13.94,14.00,58310
BGSX,11/10/21,9.71,9.71,93
BGT,11/10/21,13.87,13.73,65157
BGX,11/10/21,15.48,15.46,12507
BGY,11/10/21,6.32,6.38,184668
BH,11/10/21,160.97,156.42,4960
BHACU,11/10/21,9.97,9.97,166523
BHAT,11/10/21,0.7123,0.6800,1009257
BHB,11/10/21,31.73,31.13,14546
BHC,11/10/21,28.24,27.54,1432471
BHE,11/10/21,26.04,26.07,133491
BHF,11/10/21,53.48,52.13,456472
BHFAL,11/10/21,27.48,27.41,8310
BHFAN,11/10/21,26.96,26.65,36213
BHFAO,11/10/21,28.45,28.24,28825
BHFAP,11/10/21,28.25,27.90,17183
BHG,11/10/21,7.54,7.37,1501987
BHIL,11/10/21,6.90,7.53,334154
BHK,11/10/21,16.44,16.58,60129
BHLB,11/10/21,28.43,28.14,138096
BHP,11/10/21,54.71,53.40,3083525
BHR,11/10/21,5.49,5.47,263710
BHSE,11/10/21,9.98,9.94,176716
BHSEW,11/10/21,0.4100,0.4200,1624
BHTG,11/10/21,1.2400,1.2500,124049
BHV,11/10/21,18.23,18.25,286
BHVN,11/10/21,139.77,121.72,2737994
BIDU,11/10/21,161.42,161.63,2405390
BIF,11/10/21,13.62,13.49,91655
BIG,11/10/21,49.42,49.52,402595
BIGC,11/10/21,59.69,62.74,2914735
BIGZ,11/10/21,18.70,18.39,839981
BIIB,11/10/21,272.70,270.03,894354
BILI,11/10/21,77.33,77.43,1704984
BILL,11/10/21,341.82,342.26,1136582
BIMI,11/10/21,0.7502,0.6830,2087636
BIO,11/10/21,732.13,732.08,80348
BIOC,11/10/21,3.8500,3.8900,276486
BIOL,11/10/21,0.6000,0.6111,1341056
BIOT,11/10/21,9.86,9.87,466124
BIOTU,11/10/21,10.26,10.31,9426
BIOTW,11/10/21,0.8250,0.8800,169197
BIOX,11/10/21,12.92,12.94,17219
BIP,11/10/21,61.08,60.62,179291
BIPC,11/10/21,65.49,64.67,335967
BIPH,11/10/21,26.08,26.01,4549
BIRD,11/10/21,24.56,21.75,4671667
BIT,11/10/21,18.79,18.71,146644
BITE,11/10/21,9.77,9.74,1665
BITF,11/10/21,8.15,8.87,13637933
BIVI,11/10/21,6.73,6.49,63277
BJ,11/10/21,61.33,62.56,2127773
BJRI,11/10/21,36.22,36.90,228759
BK,11/10/21,58.98,58.58,3462920
BKCC,11/10/21,4.3400,4.3000,391419
BKD,11/10/21,7.29,7.18,2195680
BKE,11/10/21,48.62,49.40,211937
BKEP,11/10/21,3.3800,3.4000,74630
BKEPP,11/10/21,8.18,8.28,38127
BKH,11/10/21,64.74,64.62,253531
BKI,11/10/21,74.83,77.61,1347036
BKKT,11/10/21,31.07,26.22,7595037
BKN,11/10/21,17.39,17.41,38216
BKNG,11/10/21,"2,639.86","2,648.20",407305
BKR,11/10/21,24.90,25.28,7069389
BKSC,11/10/21,20.25,20.07,4270
BKSY,11/10/21,10.34,10.25,166410
BKT,11/10/21,6.04,6.05,272297
BKTI,11/10/21,3.0500,2.9400,10676
BKU,11/10/21,42.96,43.21,431223
BKYI,11/10/21,3.0800,3.0800,21271
BL,11/10/21,129.97,131.39,266904
BLBD,11/10/21,25.25,24.42,109001
BLCM,11/10/21,2.1000,2.0500,69139
BLCT,11/10/21,2.8200,2.8200,76815
BLD,11/10/21,261.50,264.67,92571
BLDE,11/10/21,11.10,10.95,1037964
BLDEW,11/10/21,3.0600,2.9500,43751
BLDP,11/10/21,19.34,16.91,9859393
BLDR,11/10/21,66.84,67.68,2177588
BLE,11/10/21,15.65,15.60,169507
BLFS,11/10/21,53.23,53.51,310639
BLFY,11/10/21,14.22,14.17,51406
BLI,11/10/21,24.55,24.52,835660
BLIN,11/10/21,3.4600,3.4800,134098
BLK,11/10/21,965.87,966.75,349616
BLKB,11/10/21,86.48,85.40,155541
BLL,11/10/21,91.02,91.28,1244935
BLMN,11/10/21,21.56,21.95,2031765
BLND,11/10/21,15.67,15.55,421989
BLNG,11/10/21,9.72,9.73,651
BLNGU,11/10/21,10.02,9.92,1500
BLNGW,11/10/21,0.5660,0.5576,7000
BLNK,11/10/21,39.07,35.00,6734503
BLNKW,11/10/21,34.80,30.66,12603
BLPH,11/10/21,3.3900,3.3400,32568
BLRX,11/10/21,2.8000,2.8400,211893
BLSA,11/10/21,9.90,9.90,35864
BLTS,11/10/21,9.75,9.76,37
BLTSU,11/10/21,10.13,10.13,3505
BLTSW,11/10/21,0.7303,0.7697,52820
BLU,11/10/21,7.13,7.25,1131382
BLUA,11/10/21,9.77,9.75,191
BLUE,11/10/21,10.70,10.88,3758550
BLW,11/10/21,17.29,17.23,60463
BLX,11/10/21,17.40,17.06,117905
BMA,11/10/21,16.80,17.04,288667
BMAQ,11/10/21,9.75,9.78,232645
BMAQR,11/10/21,0.3503,0.3395,832529
BMAQU,11/10/21,10.58,10.63,2410
BMAQW,11/10/21,0.5049,0.5295,2280896
BMBL,11/10/21,52.25,50.84,969408
BME,11/10/21,48.40,48.28,23212
BMEA,11/10/21,10.85,11.15,844031
BMEZ,11/10/21,27.55,27.58,109947
BMI,11/10/21,109.88,109.88,65421
BMO,11/10/21,111.73,112.03,495971
BMRA,11/10/21,4.7800,4.3100,177960
BMRC,11/10/21,38.73,38.15,34429
BMRN,11/10/21,83.43,82.76,1179645
BMTC,11/10/21,49.29,49.15,56907
BMTX,11/10/21,9.45,9.45,34909
BMY,11/10/21,59.41,59.46,8960137
BNED,11/10/21,10.81,10.70,285463
BNFT,11/10/21,11.39,11.14,101953
BNGO,11/10/21,5.43,5.28,8279239
BNGOW,11/10/21,2.2200,2.0200,9404
BNIX,11/10/21,9.80,9.82,22019
BNIXR,11/10/21,0.3121,0.3400,650202
BNIXW,11/10/21,0.4600,0.4689,187304
BNL,11/10/21,26.25,26.05,296949
BNNR,11/10/21,9.74,9.75,16172
BNNRU,11/10/21,10.05,9.98,22739
BNNRW,11/10/21,0.5710,0.5900,8835
BNR,11/10/21,14.42,14.17,224365
BNS,11/10/21,66.40,66.55,757357
BNSO,11/10/21,5.83,5.80,10600
BNTC,11/10/21,3.5900,3.5300,15100
BNTX,11/10/21,242.60,226.37,5519473
BNY,11/10/21,15.29,15.24,22117
BOAC,11/10/21,9.80,9.79,38581
BOAS,11/10/21,9.74,9.74,2798
BODY,11/10/21,5.0000,4.8900,1848026
BOE,11/10/21,12.34,12.34,129439
BOH,11/10/21,87.24,87.05,73312
BOKF,11/10/21,109.35,109.56,110132
BOLT,11/10/21,11.72,10.85,150894
BOMN,11/10/21,35.98,35.44,83458
BON,11/10/21,6.71,6.26,25310
BOOM,11/10/21,47.22,45.30,116457
BOOT,11/10/21,119.12,120.93,258533
BORR,11/10/21,1.3200,1.3500,2725454
BOSC,11/10/21,3.6500,3.4734,14092
BOTJ,11/10/21,16.25,16.30,1644
BOX,11/10/21,26.41,26.40,1125721
BOXL,11/10/21,2.4100,2.4300,1486687
BP,11/10/21,28.02,28.20,7459767
BPMC,11/10/21,113.43,114.95,353690
BPMP,11/10/21,13.15,13.11,207684
BPOP,11/10/21,82.62,82.93,466671
BPOPM,11/10/21,26.08,26.02,1096
BPRN,11/10/21,30.38,30.29,7712
BPT,11/10/21,4.4600,4.5800,100573
BPTH,11/10/21,4.8700,4.8200,33331
BPTS,11/10/21,6.15,6.29,2416
BPYPM,11/10/21,25.00,25.01,16009
BPYPN,11/10/21,24.36,24.34,5902
BPYPO,11/10/21,26.03,25.99,3748
BPYPP,11/10/21,25.82,25.82,3991
BQ,11/10/21,2.0500,2.2300,2567680
BR,11/10/21,175.07,178.36,485383
BRAG,11/10/21,9.18,8.52,82371
BRBR,11/10/21,26.67,27.17,512357
BRBS,11/10/21,18.55,18.35,36981
BRC,11/10/21,55.60,55.11,84062
BRCN,11/10/21,1.5200,1.5300,56200
BRDG,11/10/21,18.54,18.23,51829
BRDS,11/10/21,7.90,7.44,1774273
BREZ,11/10/21,10.15,10.15,9466
BREZR,11/10/21,0.2173,0.2179,524
BREZW,11/10/21,0.7200,0.7190,37253
BRFS,11/10/21,4.2000,4.3100,2175534
BRG,11/10/21,13.45,13.99,99764
BRID,11/10/21,12.35,12.76,484
BRIV,11/10/21,9.75,9.75,23245
BRIVU,11/10/21,10.24,10.20,11789
BRIVW,11/10/21,1.3000,1.3500,9016
BRKL,11/10/21,16.76,16.73,173151
BRKR,11/10/21,83.21,82.74,305046
BRKS,11/10/21,124.15,123.13,368353
BRLI,11/10/21,10.19,10.14,86
BRLIR,11/10/21,0.3517,0.3430,910
BRLIU,11/10/21,10.65,11.30,1277
BRLIW,11/10/21,0.4979,0.4900,2350
BRLT,11/10/21,14.39,14.49,481224
BRMK,11/10/21,10.46,10.27,875666
BRN,11/10/21,2.5800,2.6700,244226
BRO,11/10/21,62.71,63.01,1273956
BROG,11/10/21,9.20,8.95,5664
BROGW,11/10/21,0.6000,0.6000,13095
BROS,11/10/21,67.80,64.58,1702712
BRP,11/10/21,40.59,38.94,548249
BRPM,11/10/21,10.31,10.37,1040994
BRPMU,11/10/21,11.03,10.93,19570
BRPMW,11/10/21,2.0700,2.1700,467641
BRQS,11/10/21,0.6262,0.6100,2396384
BRSP,11/10/21,9.76,9.78,210897
BRT,11/10/21,20.86,20.29,27179
BRTX,11/10/21,7.02,7.46,247047
BRW,11/10/21,4.6470,4.6400,278190
BRX,11/10/21,24.73,24.68,1333270
BRY,11/10/21,10.30,10.09,444324
BSA,11/10/21,25.18,25.17,8266
BSAC,11/10/21,18.75,19.43,556466
BSAQ,11/10/21,9.74,9.74,3916
BSBK,11/10/21,10.28,10.17,1713
BSBR,11/10/21,6.13,6.14,849929
BSET,11/10/21,18.08,18.22,49740
BSFC,11/10/21,3.8000,3.8000,96422
BSGA,11/10/21,9.98,9.96,7001
BSGAR,11/10/21,0.3530,0.3530,4100
BSGAU,11/10/21,10.24,10.39,600
BSGM,11/10/21,3.4000,3.2650,160880
BSIG,11/10/21,30.23,30.31,1634033
BSKY,11/10/21,9.75,9.74,210
BSKYU,11/10/21,9.95,9.91,308
BSKYW,11/10/21,0.8903,0.8703,1
BSL,11/10/21,16.87,16.85,23259
BSM,11/10/21,12.22,12.22,426280
BSMX,11/10/21,6.41,6.40,54472
BSN,11/10/21,9.94,9.96,56167
BSQR,11/10/21,2.4100,2.3400,252677
BSRR,11/10/21,26.40,26.22,24123
BST,11/10/21,55.87,55.78,79585
BSTZ,11/10/21,43.42,43.53,112678
BSVN,11/10/21,26.48,25.75,8186
BSX,11/10/21,43.35,42.79,4641807
BSY,11/10/21,60.50,60.26,1466543